,count
"('Do', 'you')",831
"('you', 'want')",466
"('want', 'to')",360
"('to', 'make')",474
"('make', 'a')",467
"('a', 'reservation')",281
"('reservation', 'now?')",13
"('Would', 'you')",2547
"('you', 'like')",2612
"('like', 'to')",1745
"('to', 'know')",1018
"('know', 'more')",607
"('more', 'about')",614
"('about', 'them?')",583
"('about', 'the')",233
"('the', 'place?')",20
"('know', 'anything')",222
"('anything', 'else')",718
"('else', 'about')",106
"('about', 'it?')",37
"('to', 'book')",673
"('book', 'a')",524
"('reservation', 'there?')",82
"('reservation', 'anyway?')",5
"('a', 'room?')",159
"('like', 'me')",838
"('me', 'to')",883
"('to', 'check')",86
"('check', 'out')",66
"('out', 'some')",40
"('some', 'other')",97
"('other', 'places')",31
"('places', 'with')",27
"('with', 'better')",98
"('better', 'ratings?')",43
"('a', 'reservation?')",398
"('a', 'booking?')",57
"('to', 'search')",18
"('search', 'for')",59
"('for', 'a')",43
"('a', 'better')",30
"('better', 'decorated')",1
"('decorated', 'option')",1
"('option', 'for')",34
"('for', 'you?')",609
"('Should', 'I')",154
"('I', 'check')",23
"('check', 'on')",43
"('on', 'availability')",18
"('availability', 'for')",24
"('for', 'your')",25
"('your', 'travel')",3
"('travel', 'dates?')",3
"('Is', 'there')",541
"('there', 'anything')",490
"('else', 'I')",198
"('I', 'can')",318
"('can', 'help')",232
"('help', 'you')",397
"('you', 'with')",206
"('with', 'today?')",47
"('else', ""you'd"")",166
"(""you'd"", 'like')",178
"('to', 'know?')",129
"('Can', 'I')",439
"('I', 'answer')",229
"('answer', 'any')",102
"('any', 'other')",440
"('other', 'questions')",224
"('questions', 'about')",133
"('the', 'guest')",7
"('guest', 'house')",4
"('house', 'for')",2
"('answer', 'anything')",126
"('anything', 'else,')",11
"('else,', 'or')",11
"('or', 'would')",68
"('would', 'you')",111
"('book', 'it?')",116
"('to', 'find')",251
"('find', 'another')",138
"('another', 'place')",93
"('place', 'with')",110
"('better', 'reviews?')",12
"('anything', 'else?')",307
"('Could', 'I')",1
"('I', 'help')",163
"('with', 'anything')",156
"('Sounds', 'good,')",8
"('good,', 'right?')",8
"('about', 'them')",85
"('them', 'or')",85
"('or', 'should')",96
"('should', 'I')",92
"('I', 'look')",59
"('look', 'at')",67
"('at', 'some')",24
"('other', 'places?')",57
"('you', 'have')",309
"('have', 'any')",280
"('the', 'hotel?')",36
"('or', 'book')",13
"('a', 'table?')",151
"('about', 'this')",18
"('this', 'restaurant?')",4
"('you', 'still')",66
"('still', 'like')",24
"('to', 'keep')",11
"('keep', 'your')",9
"('your', 'reservation?')",25
"('look', 'for')",124
"('for', 'another')",98
"('another', 'place?')",84
"('the', 'Lensfield')",1
"('Lensfield', 'or')",1
"('check', 'into')",2
"('into', 'other')",1
"('book', 'you')",76
"('you', 'a')",109
"('a', 'table')",184
"('table', 'to')",1
"('to', 'eat')",3
"('eat', 'outdoors?')",1
"('you', 'with?')",177
"('other', 'questions?')",135
"('want', 'a')",68
"('Will', 'that')",61
"('that', 'work')",50
"('work', 'for')",47
"('for', 'you')",140
"('you', 'or')",32
"('I', 'find')",25
"('another', 'option?')",39
"('like', 'a')",85
"('reservation', 'with')",1
"('with', 'them?')",2
"('any', 'further')",19
"('further', 'questions?')",15
"('that', 'be')",2
"('be', 'okay,')",2
"('okay,', 'or')",2
"('at', 'one')",7
"('one', 'of')",15
"('of', 'the')",20
"('the', 'other')",9
"('other', 'upscale')",1
"('upscale', 'options?')",1
"('Does', 'that')",43
"('that', 'sound')",50
"('sound', 'good?')",3
"('another', 'restaurant')",15
"('restaurant', 'that')",7
"('that', 'serves')",5
"('serves', 'larger')",1
"('larger', 'portions?')",1
"('to', 'contact')",3
"('contact', 'the')",3
"('the', 'hotel')",16
"('hotel', 'to')",1
"('to', 'ask')",4
"('ask', 'them')",7
"('them', 'directly?')",6
"('Want', 'a')",3
"('you', 'need')",172
"('need', 'anything')",21
"('there', 'any')",72
"('other', 'information')",57
"('information', 'that')",21
"('that', 'you')",40
"('you', 'need?')",37
"('know', 'more?')",35
"('Want', 'to')",59
"('a', 'room')",174
"('room', 'at')",19
"('at', 'the')",12
"('the', 'Ashley?')",1
"('find', 'a')",97
"('a', 'place')",66
"('better', 'ratings')",6
"('ratings', 'on')",6
"('on', 'the')",20
"('the', 'view?')",1
"('out', 'other')",8
"('to', 'a')",2
"('a', 'restaurant')",12
"('restaurant', 'with')",15
"('with', 'a')",30
"('better', 'view?')",8
"('another', 'option')",23
"('to', 'look')",149
"('look', 'elsewhere?')",25
"('to', 'go')",13
"('go', 'ahead')",24
"('ahead', 'and')",20
"('and', 'book')",17
"('to', 'see')",21
"('see', 'if')",19
"('if', 'they')",10
"('they', 'have')",11
"('have', 'some')",2
"('some', 'of')",1
"('of', 'their')",3
"('their', 'larger')",2
"('larger', 'rooms')",3
"('rooms', 'available')",1
"('available', 'right')",1
"('right', 'now?')",1
"('I', 'book')",142
"('table', 'for')",93
"('can', 'find')",21
"('find', 'out')",27
"('out', 'for')",7
"('you', 'about')",59
"('about', 'The')",15
"('The', 'Gandhi?')",2
"('Want', 'more')",1
"('more', 'info')",3
"('info', 'or')",2
"('or', 'to')",1
"('keep', 'searching?')",4
"('find', 'you')",2
"('you', 'another')",1
"('else', 'you')",108
"('need', 'to')",72
"('another', 'Chinese')",2
"('Chinese', 'restaurant')",1
"('restaurant', 'for')",18
"('room', 'there?')",63
"('place', 'for')",12
"('questions', 'for')",54
"('or', 'shall')",19
"('shall', 'I')",19
"('like', 'help')",28
"('help', 'booking')",7
"('booking', 'a')",37
"('I', 'be')",5
"('be', 'of')",5
"('of', 'further')",4
"('further', 'assistance?')",2
"('need', 'more')",20
"('more', 'information?')",73
"('to', 'try')",57
"('try', 'a')",9
"('a', 'different')",38
"('different', 'option?')",3
"('know', 'about')",150
"('at', 'another')",16
"('another', 'location?')",7
"('Are', 'you')",88
"('you', 'interested')",56
"('interested', 'in')",85
"('in', 'booking')",32
"('booking', 'or')",4
"('like', 'another')",5
"('place', 'that')",27
"('that', 'has')",6
"('has', 'more')",1
"('more', 'options?')",7
"('that', 'does?')",14
"('make', 'your')",1
"('your', 'reservation')",4
"('to', 'reserve')",70
"('reserve', 'a')",66
"('room', 'for')",82
"('you', 'there')",1
"('there', 'or')",26
"('or', 'can')",11
"('can', 'I')",22
"('other', 'questions??')",1
"('What', 'else')",25
"('else', 'are')",1
"('are', 'you')",11
"('you', 'looking')",6
"('looking', 'for')",4
"('for', 'in')",1
"('in', 'a')",21
"('a', 'hotel')",3
"('hotel', 'in')",1
"('in', 'order')",1
"('order', 'to')",1
"('to', 'narrow')",1
"('narrow', 'down')",2
"('down', 'your')",2
"('your', 'choice?')",2
"('Anything', 'else?')",2
"('Sounds', 'friendly,')",1
"('friendly,', 'right?')",1
"('in', 'staying')",10
"('staying', 'there?')",9
"('What', 'days')",4
"('days', 'are')",1
"('looking', 'to')",1
"('to', 'stay')",33
"('stay', 'there?')",31
"('if', 'we')",1
"('we', 'can')",1
"('can', 'reserve')",1
"('a', 'window')",1
"('window', 'seat')",1
"('seat', 'for')",1
"('else', 'or')",26
"('days', 'will')",1
"('will', 'you')",2
"('you', 'be')",16
"('be', 'travelling?')",1
"('Anything', 'else')",33
"('help', 'with?')",8
"('need', 'any')",41
"('any', 'more')",71
"('more', 'information')",128
"('information', 'about')",84
"('the', 'restaurant?')",59
"('want', 'me')",29
"('reservation', 'for')",108
"('I', 'search')",40
"('better', 'option')",5
"('else', 'for')",58
"('the', 'Curry')",2
"('Curry', 'Prince,')",1
"('Prince,', 'or')",1
"('like', 'more')",83
"('information', 'on')",36
"('on', 'it?')",4
"('Shall', 'I')",41
"('I', 'continue')",3
"('continue', 'the')",1
"('the', 'search')",1
"('search', 'and')",1
"('and', 'find')",2
"('find', 'something')",5
"('something', 'quieter?')",3
"('I', 'reserve')",5
"('want', 'that')",1
"('that', 'or')",1
"('or', 'do')",42
"('do', 'you')",58
"('want', 'more')",2
"('information', 'first?')",2
"('else', 'that')",59
"('that', 'I')",84
"('you', 'satisfied')",1
"('satisfied', 'with')",1
"('with', 'the')",4
"('the', 'booking')",2
"('check', 'another')",4
"('another', 'hotel?')",8
"('table', 'there?')",18
"('for', 'you,')",14
"('you,', 'or')",13
"('I', 'run')",1
"('run', 'another')",1
"('another', 'search?')",4
"('to', 'choose')",2
"('choose', 'that')",1
"('that', 'one?')",1
"('reservation', 'at')",20
"('at', 'Allenbell')",1
"('Allenbell', 'for')",2
"('other', 'restaurants?')",6
"('place', 'in')",6
"('in', 'the')",15
"('the', 'same')",7
"('same', 'vicinity?')",3
"('Some', 'mixed')",1
"('mixed', 'signals')",1
"('signals', 'there,')",1
"('there,', 'eh?')",1
"('for', 'the')",7
"('the', 'outdoor')",2
"('outdoor', 'dining')",4
"('dining', 'area?')",1
"('in', 'making')",25
"('making', 'a')",34
"('Should', 'we')",8
"('we', 'look')",4
"('at', 'other')",18
"('other', 'options?')",45
"('you', 'would')",56
"('would', 'like')",54
"('about', 'their')",14
"('their', 'menu?')",10
"('book', 'it')",83
"('it', 'for')",77
"('for', 'other')",16
"('I', 'choose')",5
"('choose', 'another')",5
"('another', 'one')",1
"('one', 'instead?')",1
"('help', 'answer')",1
"('the', 'restaurant')",13
"('to', 'assist')",3
"('assist', 'you')",11
"('you', 'in')",3
"('to', 'cancel')",2
"('cancel', 'the')",4
"('booking', 'and')",1
"('and', 'look')",1
"('different', 'restaurant?')",2
"('more', 'questions')",19
"('questions', 'or')",15
"('the', 'availability')",6
"('availability', 'of')",6
"('the', 'larger')",1
"('larger', 'rooms?')",6
"('else', 'today?')",28
"('reserve', 'you')",14
"('table', 'now')",2
"('now', 'or')",4
"('have', 'other')",8
"('questions', 'I')",14
"('with', 'more')",17
"('more', 'offerings?')",1
"('you', 'there?')",12
"('at', 'Hobsons')",2
"('Hobsons', 'House?')",2
"('have', 'additional')",4
"('additional', 'questions?')",7
"('check', 'availability')",9
"('your', 'preferred')",2
"('preferred', 'days?')",1
"('your', 'party?')",7
"('with', 'any')",7
"('about', 'Hakka?')",2
"('try', 'one')",3
"('Did', 'you')",7
"('about', 'Nandos?')",5
"('the', 'property?')",11
"('like', 'any')",18
"('other', 'information?')",21
"('the', 'Worth')",3
"('Worth', 'House?')",5
"('you', 'at')",20
"('at', 'Ashley')",1
"('Ashley', 'Hotel?')",3
"('a', 'stay?')",2
"('table', 'outdoors?')",4
"('anything', 'for')",2
"('guest', 'house?')",7
"('booking', 'it?')",8
"('Sound', 'good')",45
"('good', 'enough')",3
"('enough', 'for')",2
"('Is', 'that')",28
"('that', 'going')",13
"('going', 'to')",13
"('to', 'be')",15
"('be', 'a')",12
"('a', 'problem')",3
"('problem', 'for')",1
"('Are', 'there')",25
"('questions', 'that')",32
"('can', 'try')",4
"('try', 'to')",10
"('to', 'answer')",3
"('answer', 'for')",25
"('at', 'this')",21
"('this', 'time?')",19
"('you', 'interested?')",2
"('other', 'hotels')",3
"('hotels', ""you'd"")",1
"('look', 'up?')",1
"('need', 'help')",8
"('help', 'with')",31
"('If', 'that')",1
"('that', 'sounds')",3
"('sounds', 'good')",2
"('good', 'to')",69
"('to', 'you,')",2
"('you,', 'then')",1
"('then', 'I')",1
"('I', 'will')",1
"('will', 'go')",1
"('The', 'Good')",1
"('Good', 'Luck')",1
"('Luck', 'Chinese')",1
"('Chinese', 'Food')",1
"('Food', 'Takeaway?')",1
"('to', 'give')",19
"('give', 'it')",5
"('it', 'a')",7
"('a', 'try?')",13
"('or', 'have')",35
"('have', 'me')",34
"('me', 'look')",25
"('room', 'there')",10
"('there', 'for')",6
"('restaurant', 'option')",1
"('room', 'here?')",1
"('other', 'nearby')",1
"('nearby', 'options?')",1
"('a', 'place?')",1
"('book', 'for')",2
"('any', 'additional')",22
"('additional', 'information?')",7
"('still', 'interested')",16
"('to', 'plan')",1
"('plan', 'a')",1
"('a', 'trip')",1
"('trip', 'there?')",1
"('for', 'me')",14
"('me', 'today?')",3
"(""Let's"", 'find')",1
"('about', 'Thanh')",2
"('Thanh', 'Binh?')",2
"('try', 'somewhere')",4
"('somewhere', 'else?')",20
"('information', 'I')",17
"('find', 'for')",15
"('', 'would')",14
"('a', 'delivery')",1
"('delivery', 'order')",1
"('order', 'or')",1
"('to', 'explore')",22
"('explore', 'more')",1
"('a', 'higher')",2
"('higher', 'rating')",2
"('rating', 'for')",2
"('for', 'indoor')",2
"('indoor', 'decor?')",3
"('about', 'Meghna?')",3
"('with', 'lower')",12
"('lower', 'prices?')",12
"('help', 'in')",8
"('to', 'continue')",7
"('continue', 'with')",6
"('What', 'is')",4
"('is', 'your')",4
"('your', 'budget?')",4
"('reservation', 'now')",1
"('have', 'more')",8
"('more', 'questions?')",8
"('table', 'now?')",11
"('a', 'booking')",15
"('booking', 'for')",9
"('table', 'or')",12
"('or', 'look')",13
"('for', 'something')",19
"('something', 'else?')",27
"('that', 'still')",10
"('still', 'work')",5
"('need', 'additional')",2
"('additional', 'information')",5
"('information', 'or')",10
"('or', 'keep')",5
"('else', ""you'ld"")",1
"(""you'ld"", 'like')",1
"('additional', 'questions')",14
"('about', 'Cityroomz?')",2
"('be', 'interested')",23
"('in', 'any')",1
"('hotels', 'in')",2
"('the', 'area?')",2
"('that', 'okay')",3
"('okay', 'with')",2
"('with', 'you?')",3
"('book', 'that')",10
"('that', 'for')",8
"('has', 'better')",3
"('better', 'reviews')",5
"('reviews', 'on')",3
"('the', 'noise')",1
"('noise', 'level?')",1
"('sound', 'like')",10
"('like', 'something')",2
"('something', 'you')",1
"('would', 'be')",1
"('interested', 'in?')",3
"('book', 'this')",7
"('this', 'for')",7
"('about', 'either')",16
"('either', 'of')",12
"('of', 'them?')",16
"('What', 'do')",2
"('reservation', 'there')",25
"('with', 'something')",4
"('the', 'Allenbell')",2
"('Allenbell', 'or')",1
"('me', 'check')",10
"('this', 'location')",6
"('location', 'for')",10
"('can', 'answer')",23
"('to', 'me')",5
"('me', 'find')",3
"('place', 'or')",11
"('reservation', 'here?')",1
"('I', 'assist')",6
"('else', 'can')",11
"('I', 'do')",4
"('do', 'for')",20
"('to', 'you?')",81
"('table', 'at')",17
"('at', 'either')",2
"('of', 'those?')",1
"('the', 'Dojo')",4
"('Dojo', 'Noodle')",7
"('Noodle', 'Bar?')",7
"('your', 'desired')",2
"('desired', 'date?')",1
"('other', 'assistance')",2
"('assistance', 'I')",1
"('can', 'provide')",2
"('provide', 'you')",2
"('you', 'today?')",28
"('another', 'location')",10
"('location', '?')",1
"('look', 'into')",20
"('into', 'the')",2
"('the', 'portion')",3
"('portion', 'size')",1
"('size', 'a')",1
"('a', 'little')",7
"('little', 'further?')",2
"('with', 'anymore')",1
"('anymore', 'information?')",4
"('sounds', 'alright')",1
"('alright', 'to')",1
"('try', 'another')",19
"('Chinese', 'restaurant?')",1
"('Which', 'one')",4
"('one', 'sounds')",2
"('sounds', 'better')",2
"('better', 'to')",2
"('I', 'suggest')",2
"('suggest', 'we')",1
"('look', 'elsewhere,')",1
"('elsewhere,', 'what')",1
"('what', 'do')",1
"('you', 'think?')",1
"('or', 'check')",19
"('out', 'a')",14
"('different', 'place?')",14
"('How', 'does')",11
"('does', 'that')",11
"('sound', 'to')",10
"('know', 'any')",3
"('other', 'things')",1
"('things', 'about')",1
"('restaurant', 'today?')",1
"('sound', 'okay')",4
"('okay', 'to')",2
"('better', 'portion')",2
"('portion', 'reviews?')",1
"('explore', 'other')",8
"('other', 'locations?')",4
"('about', 'Saigon')",2
"('Saigon', 'City?')",1
"('May', 'I')",13
"('hotel', 'for')",8
"('reservation', '?')",2
"('want', 'anymore')",1
"('a', 'time')",2
"('time', ""that's"")",1
"(""that's"", 'available?')",1
"('you', 'book')",5
"('book', 'the')",17
"('the', 'Gonville')",6
"('Gonville', 'Hotel?')",8
"('like', 'information')",7
"('information', 'on?')",2
"('better', 'decor?')",5
"('book', 'Arbury')",1
"('Arbury', 'Lodge')",3
"('Lodge', 'Guesthouse?')",3
"('your', 'stay?')",9
"('about', 'Royal')",5
"('Royal', 'Standard?')",3
"('make', 'you')",21
"('the', 'Golden')",1
"('Golden', 'Wok?')",2
"('with', 'or')",1
"('you', 'before')",1
"('before', 'making')",4
"('on', 'this')",1
"('make', 'reservation')",1
"('reservation', 'some')",2
"('some', 'place')",7
"('place', 'else?')",6
"('What', 'accommodations')",1
"('accommodations', 'are')",1
"('for', 'with')",1
"('with', 'your')",3
"('Sounds', 'nice,')",5
"('nice,', 'eh?')",2
"('that', 'offers')",2
"('offers', 'more')",2
"('more', 'variety?')",1
"('another', 'Japanese')",1
"('Japanese', 'restaurant?')",1
"('or', 'are')",5
"('you', 'ready')",2
"('ready', 'to')",2
"('it', 'now?')",3
"('about', 'your')",8
"('your', 'upcoming')",8
"('upcoming', 'reservation?')",3
"('like', 'additional')",2
"('about', 'Gonville?')",1
"('hotel', 'or')",1
"('into', 'it')",2
"('a', 'bit')",3
"('bit', 'further?')",1
"('about', 'Dojo')",3
"('for', 'others?')",1
"('out', 'more')",15
"('their', 'portions?')",2
"('like', 'the')",15
"('the', 'phone')",7
"('phone', 'number')",7
"('number', 'to')",3
"('to', 'the')",3
"('hotel', 'so')",5
"('so', 'that')",6
"('you', 'can')",8
"('can', 'inquire')",1
"('inquire', 'directly')",1
"('directly', 'with')",1
"('look', 'somewhere')",11
"('work', 'or')",11
"('find', 'an')",4
"('an', 'alternative')",2
"('alternative', 'location?')",1
"('either', 'restaurant?')",3
"('place', ""that's"")",2
"(""that's"", 'got')",2
"('got', 'a')",2
"('a', 'great')",3
"('great', 'view?')",2
"('that', 'a')",3
"('a', 'deal-breaker?')",1
"('continue', 'to')",2
"('the', 'room?')",3
"('more', 'or')",2
"('check', 'elsewhere?')",1
"('sound', 'good')",24
"('explore', 'some')",13
"('ratings', 'for')",2
"('for', 'service?')",1
"('I', 'make')",12
"('reservation', 'or')",15
"('or', 'is')",6
"('is', 'there')",4
"('one', 'would')",2
"('reservation', 'at?')",1
"('in', 'getting')",1
"('getting', 'a')",1
"('I', 'try')",11
"('try', 'something')",6
"('at', ""Hobson's"")",1
"(""Hobson's"", 'house?')",1
"('', 'do')",6
"('look', 'a')",1
"('little', 'further')",1
"('further', 'for')",1
"('for', 'more')",4
"('on', ""Nando's"")",1
"(""Nando's"", 'food')",1
"('food', 'portions?')",3
"('Royal', 'Spice,')",2
"('Spice,', 'or')",2
"('on', 'availability?')",6
"('give', 'the')",2
"('the', 'Gourmet')",2
"('Gourmet', 'Burger')",2
"('Burger', 'Kitchen')",1
"('Kitchen', 'a')",1
"('to', 'double')",2
"('double', 'check')",1
"('check', 'for')",3
"('a', 'deal-breaker')",2
"('deal-breaker', 'for')",2
"('at', 'Arbury')",1
"('with', 'making')",3
"('reservation', 'still?')",3
"('anything', 'more?')",2
"('Need', 'anything')",1
"('days', 'would')",2
"('be', 'staying?')",1
"('find', 'some')",3
"('other', 'options')",7
"('options', 'to')",1
"('to', 'explore?')",1
"('little', 'more')",3
"('still', 'interested?')",6
"('One', 'person')",1
"('person', 'said')",2
"('said', 'it')",1
"('it', 'was')",2
"('was', 'nice')",1
"('nice', 'and')",1
"('and', 'peaceful')",1
"('peaceful', 'for')",1
"('for', 'them')",1
"('them', 'though,')",1
"('though,', 'do')",1
"('the', 'Ashley')",1
"('Ashley', 'for')",1
"('make', 'the')",3
"('the', 'booking?')",5
"('check', 'one')",1
"('options', 'for')",3
"('at', 'Acorn')",3
"('Acorn', 'Guest')",4
"('Guest', 'House?')",7
"('What', 'nights')",1
"('nights', 'were')",1
"('were', 'you')",2
"('you', 'planning')",1
"('planning', 'to')",1
"('stay', 'and')",1
"('and', ""what's"")",1
"(""what's"", 'the')",1
"('the', 'size')",1
"('size', 'of')",1
"('of', 'your')",1
"('try', 'it?')",5
"('ahead', 'with')",4
"('better', 'staff')",5
"('staff', 'ratings?')",1
"('I', 'keep')",5
"('want', 'the')",1
"('the', 'reservation?')",3
"('reservation', 'to')",4
"('to', 'dine')",2
"('dine', 'there?')",2
"('need', 'anymore')",2
"('nice,', 'right?')",3
"('a', 'problem?')",7
"('like', 'it')",3
"('it', 'would')",1
"('would', 'work')",1
"('want', 'information')",1
"('on', 'anything')",6
"('this', 'location?')",12
"('that', 'something')",1
"('something', 'that')",2
"('like', 'some')",35
"('some', 'more')",33
"('on', 'La')",1
"('La', 'Tasca?')",2
"('other', 'suggestions?')",1
"('place', 'entirely?')",1
"('at', 'The')",2
"('The', 'Chiquito')",1
"('Chiquito', 'Restaurant')",1
"('Restaurant', 'Bar?')",1
"('if', ""there's"")",2
"(""there's"", 'a')",2
"('a', 'larger')",9
"('larger', 'room')",7
"('room', 'available?')",10
"('about', 'Wagamama?')",4
"('the', 'Cambridge')",2
"('Cambridge', 'Belfry?')",2
"('about', 'Kymmoy')",1
"('Kymmoy', 'that')",1
"('if', 'I')",1
"('time', 'that')",1
"('that', 'works?')",1
"('other', 'restaurants')",1
"('restaurants', 'in')",1
"('can', 'tell')",13
"('tell', 'you')",23
"('about', 'Yu')",2
"('Yu', 'Garden')",1
"('Garden', 'or')",1
"('or', 'any')",3
"('other', 'facility?')",1
"('the', 'Nirala?')",1
"('the', 'acorn')",3
"('acorn', 'guest')",3
"('try', 'them?')",5
"('', 'people')",1
"('people', 'seem')",1
"('seem', 'to')",1
"('to', 'like')",1
"('it', 'Do')",1
"('still', 'be')",7
"('at', 'Meze')",1
"('Meze', 'Bar?')",3
"('the', 'Alexander')",3
"('Alexander', 'B&B?')",2
"('I', 'anwwer')",1
"('anwwer', 'any')",1
"('room', 'somewhere')",2
"('still', 'interested,')",7
"('interested,', 'or')",7
"('different', 'hotel?')",3
"('about', 'Autumn')",1
"('Autumn', 'House?')",1
"('about', 'Pizza')",5
"('Pizza', 'Hut')",5
"('Hut', 'Cherry')",1
"('Cherry', 'Hinton?')",1
"('that', 'OK')",1
"('OK', 'with')",1
"('about', 'anything')",1
"('The', 'alpha')",1
"('alpha', 'Milton')",1
"('Milton', 'guest')",1
"('house', 'has')",1
"('has', 'a')",1
"('better', 'ratio,')",1
"('ratio,', 'though,')",1
"('though,', 'so')",1
"('so', 'maybe')",1
"('maybe', 'try')",1
"('try', 'that')",2
"('that', 'place?')",1
"('interested', 'or')",8
"('at', 'Kirkwood')",1
"('Kirkwood', 'House?')",4
"('can', 'do')",20
"('better', 'prices?')",3
"('out', 'any')",4
"('information', 'for')",11
"('the', 'Archway?')",2
"('I', 'provide')",3
"('provide', 'any')",2
"('with', 'booking?')",4
"('find', 'any')",7
"('to', 'help')",21
"('with', 'everything')",1
"('everything', 'else?')",1
"('to', 'proceed')",4
"('proceed', 'with')",4
"('we', 'book')",2
"('the', 'Carolina')",2
"('Carolina', 'Bed')",2
"('Bed', 'and')",4
"('and', 'Breakfast?')",3
"('into', 'some')",8
"('other', 'hotel')",1
"('hotel', 'options?')",1
"('better', 'location?')",5
"('another', 'restaurant?')",7
"('I', 'tell')",10
"('you', 'anything')",5
"('about', 'it')",2
"('it', 'or')",4
"('I', 'go')",11
"('the', 'guesthouse?')",1
"('Sound', 'good?')",9
"('about', 'this?')",2
"('there', 'today?')",4
"('questions', 'to')",4
"('you', 'choose?')",1
"('give', 'them')",11
"('them', 'a')",12
"('sound', 'or')",1
"('and', 'make')",6
"('further', 'questions')",4
"('a', 'large')",10
"('large', 'room')",5
"('Royal', 'Spice?')",3
"('else', 'would')",12
"('to', 'do')",3
"('do', 'that?')",3
"('booking', 'there?')",2
"('the', 'guesthouse')",2
"('guesthouse', 'for')",4
"('Is', 'their')",1
"('their', 'anything')",1
"('into', 'another')",6
"('more', 'affordable')",11
"('affordable', 'prices?')",4
"('still', 'work,')",5
"('work,', 'or')",7
"('a', 'new')",1
"('new', 'reservation?')",1
"('to', 'you')",3
"('with', 'higher')",9
"('higher', 'ratings?')",6
"('a', 'comparable')",8
"('comparable', 'restaurant')",1
"('at', 'Da')",1
"('Da', 'Vinci')",3
"('Vinci', 'Pizzeria?')",3
"('a', 'more')",15
"('affordable', 'restaurant?')",2
"('about', 'Alpha-Milton')",1
"('Alpha-Milton', 'Guest')",2
"('to', 'to')",2
"('their', 'entree')",1
"('entree', 'sizes?')",1
"('location', 'and')",1
"('and', 'cancel')",2
"('cancel', 'your')",2
"('information', 'you')",7
"('for', 'an')",12
"('an', 'different')",1
"('different', 'hotel')",1
"('be', 'an')",2
"('an', 'issue?')",1
"('more', 'bout')",2
"('bout', ""Darry's?"")",1
"('your', 'budge?')",1
"('at', 'Allenbell?')",1
"('like', 'for')",8
"('to', 'book?')",10
"('there', 'anyting')",2
"('anyting', 'else')",2
"('However,', 'according')",1
"('according', 'to')",3
"('the', 'reviews')",2
"('reviews', 'I')",2
"('I', 'have')",1
"('have', 'on')",1
"('on', 'hand')",1
"('hand', 'for')",1
"('for', 'that')",1
"('that', 'location,')",1
"('location,', 'the')",1
"('the', 'rooms')",2
"('rooms', 'are')",2
"('are', 'kept')",1
"('kept', 'pretty')",1
"('pretty', 'clean..')",1
"('clean..', 'Sounds')",1
"('other', 'questions,')",6
"('questions,', 'or')",6
"('or', 'find')",4
"('on', 'them?')",5
"('the', 'address?')",1
"('at', 'Royal')",3
"('on', 'Eraina?')",1
"('the', 'place')",3
"('I', 'please')",1
"('please', 'get')",1
"('get', 'the')",1
"('the', 'day')",1
"('day', 'and')",1
"('and', 'time')",1
"('time', 'you')",1
"('you', 'wish')",1
"('wish', 'to')",1
"('to', 'reserve?')",2
"('the', 'menu')",2
"('menu', 'at')",2
"('at', 'Meghna?')",2
"('option', 'instead?')",1
"('there', 'today')",2
"('today', 'or')",4
"('on', 'any')",3
"('any', 'of')",14
"('the', 'restaurants?')",3
"('Yu', 'Garden?')",2
"('you', 'instead?')",2
"('that', 'okay?')",5
"('comparable', 'place')",7
"('a', 'third')",1
"('third', 'option')",1
"('they', 'can')",1
"('provide', 'a')",1
"('a', 'mattress')",1
"('mattress', 'for')",1
"('your', 'needs?')",3
"('Can', 'we')",1
"('we', 'book?')",1
"('in', 'reserving')",1
"('reserving', 'a')",1
"('at', 'a')",1
"('different', 'dining')",1
"('dining', 'option?')",2
"('Confusing', 'huh?')",1
"('the', 'Oak')",1
"('Oak', 'Bistro?')",2
"('that', 'states')",1
"('states', 'they')",1
"('have', 'a')",12
"('a', 'good')",5
"('good', 'view')",1
"('view', 'of')",1
"('the', 'city,')",1
"('city,', 'specifically?')",1
"('to', 'get')",11
"('get', 'a')",5
"('Guests', 'find')",1
"('find', 'the')",1
"('the', 'beds')",1
"('beds', 'to')",1
"('be', 'extremely')",1
"('extremely', 'comfortable')",1
"('comfortable', 'at')",1
"('at', 'A')",2
"('A', 'and')",5
"('and', 'B.')",2
"('B.', 'Would')",2
"('questions', 'at')",2
"('an', 'Asian')",1
"('Asian', 'restaurant')",1
"('go', 'some')",1
"('upcoming', 'stay')",2
"('stay', 'at')",2
"('the', 'Gonville?')",4
"('another', 'spot')",1
"('spot', 'for')",2
"('the', 'drink')",1
"('drink', 'options')",1
"('options', 'offered')",1
"('offered', 'there?')",1
"('you', 'make')",6
"('room', 'today?')",1
"('I', 'cancel')",2
"('guest', 'house,')",1
"('house,', 'or')",1
"('do', 'have')",1
"('you', 'any')",4
"('any', 'rooms?')",1
"('is', 'that')",6
"('that', 'all?')",1
"('Would', 'like')",3
"('The', 'Oak')",1
"('Which', 'night')",1
"('night', 'would')",2
"('the', 'reservation')",6
"('to', 'start?')",1
"('number', 'for')",4
"('can', 'contact')",2
"('contact', 'them')",2
"('another', 'day')",1
"('day', 'or')",2
"('or', 'time?')",2
"('about', 'Gonville')",2
"('questions', 'regarding')",2
"('regarding', 'menu')",1
"('menu', 'options?')",1
"('the', 'Huntingdon')",2
"('Huntingdon', 'Marriott?')",1
"('about', 'Restaurant')",4
"('Restaurant', 'Two')",2
"('Two', 'Two?')",2
"('of', 'a')",5
"('large', 'room?')",5
"('have', 'another')",3
"('another', 'question?')",3
"('reserve', 'the')",1
"('dining', 'area')",1
"('area', 'so')",1
"('can', 'have')",2
"('a', 'perfect')",1
"('perfect', 'view')",1
"('view', 'while')",1
"('while', 'eating?')",1
"('I', 'could')",2
"('could', 'help')",1
"('that', 'enough?')",1
"('the', 'room')",4
"('at', 'Gonville')",1
"('serves', 'it?')",1
"('you', 'care')",3
"('care', 'to')",3
"('this', 'hotel?')",2
"('about', 'Frankie')",1
"('Frankie', 'and')",1
"('and', 'Bennys?')",1
"('additional', 'options')",1
"('options', 'or')",4
"('The', 'Lucky')",2
"('Lucky', 'Star?')",3
"('me', 'or')",2
"('same', 'area?')",3
"('have', 'about')",4
"('about', 'any')",12
"('about', 'Panahar?')",1
"('on', 'portions?')",1
"('information', 'before')",2
"('out', 'another')",4
"('different', 'option')",2
"('find', 'more')",1
"('more', 'locations?')",1
"('about', 'El')",3
"('El', 'Shaddai?')",2
"('booking', 'rooms')",1
"('rooms', 'for')",1
"('on', 'their')",3
"('their', 'decor?')",1
"('to', 'select')",1
"('select', 'a')",2
"('larger', 'one')",1
"('one', 'for')",2
"('you,', 'if')",1
"('if', ""that's"")",2
"(""that's"", 'acceptable')",1
"('acceptable', 'for')",1
"('you', 'find?')",1
"('table', 'reservation')",1
"('or', 'try')",3
"('try', 'someplace')",1
"('someplace', 'else?')",3
"('it', 'anyway?')",2
"('either', 'place?')",5
"('try', 'that?')",1
"('another', 'Indian')",1
"('Indian', 'restaurant')",1
"('on', 'some')",4
"('and', 'reserve')",2
"('for', '5')",1
"('5', 'people?')",1
"('find', 'somewhere')",3
"('need', 'me')",1
"('for', 'additional')",2
"('information', '?')",2
"('If', ""that's"")",1
"(""that's"", 'important')",1
"('important', 'to')",1
"('you,', 'perhaps')",1
"('perhaps', 'we')",1
"('we', 'should')",1
"('should', 'look')",2
"('the', 'table?')",1
"('have', 'questions')",1
"('other', 'items')",1
"('items', 'on')",1
"('at', 'La')",1
"('table', 'available?')",1
"('other', 'dining')",1
"('dining', 'options?')",2
"('place', ""you'd"")",3
"('to', 'go?')",4
"('about', 'Curry')",6
"('Curry', 'Garden?')",3
"('about', 'Cityroomz')",1
"('Cityroomz', 'or')",1
"('else', 'before')",3
"('ask', 'about')",2
"('about', 'Warkworth')",1
"('Warkworth', 'House')",1
"('House', 'and')",1
"('and', 'its')",1
"('its', 'amenities?')",1
"('Does', 'this')",1
"('this', 'sound')",1
"('to', 'visit?')",1
"('about', 'Lan')",2
"('Lan', 'Hong')",4
"('Hong', 'House?')",5
"('hotel', 'that')",1
"('the', 'B&B?')",1
"('that', 'table?')",1
"('you', 'tonight')",1
"('tonight', 'or')",1
"('at', 'alternatives?')",1
"('to', 'reservation?')",1
"('hotel', 'directly')",1
"('directly', 'about')",1
"('their', 'WiFi')",1
"('WiFi', 'policies?')",1
"('Or', 'is')",1
"('there', 'something')",3
"('something', 'else')",6
"('What', 'would')",1
"('to', 'do?')",1
"('the', 'Acorn')",4
"('Acorn', 'for')",1
"('the', 'establishments?')",1
"('If', 'seats')",1
"('seats', 'are')",1
"('are', 'available')",1
"('available', 'and')",1
"('and', 'the')",1
"('the', 'weather')",1
"('weather', 'is')",1
"('is', 'good,')",1
"('good,', 'would')",1
"('book', 'an')",1
"('an', 'outdoor')",3
"('outdoor', 'table?')",2
"('into', 'it?')",1
"('', 'might')",1
"('might', 'I')",1
"('suggest', 'some')",1
"('else', 'tonight?')",1
"('affordable', 'prices')",1
"('prices', 'that')",1
"('serves', 'Kung')",1
"('Kung', 'Pao')",1
"('Pao', 'Chicken?')",1
"('there', 'tonight?')",3
"('make', 'sure')",1
"('sure', 'you')",1
"('table', 'on')",2
"('the', 'skyline')",1
"('skyline', 'side?')",1
"('else', 'i')",1
"('i', 'can')",2
"('about', 'Charlie')",1
"('Charlie', 'Chan')",1
"('Chan', 'for')",1
"('table', 'with')",4
"('a', 'view?')",1
"('The', 'Express')",1
"('Express', 'by')",3
"('by', 'holiday')",1
"('holiday', 'inn')",1
"('inn', 'cambridge')",1
"('cambridge', 'is')",1
"('is', 'said')",1
"('said', 'to')",1
"('bit', 'overpriced')",1
"('overpriced', 'according')",1
"('to', 'most')",1
"('most', 'guests')",1
"('guests', 'Want')",1
"('about', 'City')",1
"('City', 'Centre?')",2
"('to', 'take')",2
"('take', 'a')",2
"('a', 'look')",1
"('that', ""you'd"")",2
"('go', 'to?')",2
"('to', 'stay?')",3
"('about', 'Bankok')",1
"('Bankok', 'City?')",1
"('some', 'information')",2
"('on', 'hotels')",1
"('hotels', 'with')",1
"('with', 'larger')",4
"('for', 'some')",1
"('some', 'larger')",1
"('Shall', 'we')",1
"('Wouls', 'you')",1
"('on', 'Arbury')",1
"('I', 'add')",1
"('add', 'a')",1
"('a', 'request')",1
"('request', 'for')",1
"('for', 'outdoor')",1
"('dining', 'to')",1
"('to', 'your')",2
"('try', 'it')",5
"('restaurant', ""that's"")",1
"('about', 'Hotpot?')",1
"('on', 'table')",2
"('table', 'availability')",2
"('hotel', 'booking')",1
"('booking', 'at')",1
"('of', 'these')",4
"('these', 'restaurants?')",2
"('the', 'Ugly')",2
"('Ugly', 'Duckling?')",1
"('like', 'their')",2
"('their', 'telephone')",1
"('telephone', 'number?')",1
"('', 'anything')",3
"('anything', 'further')",1
"('further', 'that')",1
"('Any', 'other')",1
"('you', 'think...would')",1
"('think...would', 'you')",1
"('booking', 'there')",1
"('there', 'now')",1
"('on', 'a')",2
"('good', 'view?')",2
"('How', 'many')",5
"('many', 'nights')",1
"('nights', 'would')",1
"('Hut', 'Fen')",2
"('Fen', 'Ditton?')",2
"('Will', 'this')",2
"('this', 'work')",1
"('book', 'you?')",5
"('you', 'more')",4
"('Curry', 'Prince?')",7
"('that', 'is')",3
"('is', 'known')",1
"('known', 'for')",1
"('for', 'big')",1
"('big', 'portions?')",1
"('the', 'Kirkwood')",1
"('more', 'infromation?')",1
"('sound', 'OK?')",2
"('availability', 'at')",1
"('at', 'your')",1
"('desired', 'time?')",1
"('staff', 'reviews?')",4
"('availability', 'and')",2
"('with', 'at')",8
"('availability', 'or')",1
"('still', 'have')",1
"('like', 'assistance')",2
"('assistance', 'in')",1
"('in', 'changing')",1
"('changing', 'your')",1
"('better', 'views?')",5
"('something', 'with')",2
"('better', 'internet?')",2
"('for', 'me?')",5
"('affordable', 'restaurant')",1
"('that', 'sells')",1
"('sells', 'goulash?')",1
"('The', 'Missing')",1
"('Missing', 'Sock?')",1
"('about', 'India')",2
"('India', 'House')",1
"('House', 'for')",4
"('the', 'University')",2
"('University', 'Arms?')",1
"('questions', 'abou')",1
"('abou', 'the')",1
"('the', 'A')",3
"('and', 'B?')",1
"('a', 'to')",2
"('Burger', 'Kitchen?')",1
"('questions', 'you')",1
"('about', 'Caffe')",4
"('Caffe', 'Uno?')",3
"('Gonville', 'or')",1
"('or', 'help')",3
"('information', 'from')",6
"('from', 'me?')",10
"('to', 'change')",9
"('change', 'your')",9
"('need', 'a')",2
"('of', 'these?')",1
"('check', ""Rosa's"")",1
"(""Rosa's"", 'Bed')",2
"('look', 'more')",1
"('more', 'into')",1
"('into', 'this')",2
"('The', 'Gonville')",1
"('more', 'to')",1
"('choose', 'from?')",1
"('you', 'something')",1
"('know', 'to')",1
"('help', 'choose')",1
"('choose', 'one?')",1
"('availability', 'on')",2
"('on', 'your')",2
"('preferred', 'nights?')",1
"('Acorn', 'or')",2
"('', 'the')",1
"('the', 'only')",1
"('only', 'thing')",1
"('thing', 'I')",1
"('you', 'is')",1
"('is', 'they')",1
"('a', 'lot')",1
"('lot', 'of')",1
"('of', 'imported')",1
"('imported', 'canned')",1
"('canned', 'milk')",1
"('milk', 'teas')",1
"('teas', 'if')",1
"(""that's"", 'something')",1
"('something', ""you'd"")",2
"(""you'd"", 'be')",1
"('to', 'recommend')",1
"('recommend', 'another')",1
"('more', 'generous')",1
"('generous', 'portions?')",2
"('or', 'go')",1
"('an', 'option')",11
"('option', 'with')",9
"('questions', 'today?')",2
"('the', 'Lan')",2
"('about', 'Eraina?')",2
"('about', 'Ashley')",1
"('to', 'ask?')",1
"('Wouldyou', 'like')",1
"('Hobsons', 'House')",1
"('book', 'something')",1
"('make', 'reservations')",5
"('reservations', 'for')",4
"('about', 'Meze')",2
"('look', 'elsewhere')",3
"('elsewhere', 'for')",2
"('a', 'hotel?')",1
"('about', 'De')",1
"('De', 'Luca')",1
"('Luca', 'Cucina?')",1
"('the', 'menu?')",4
"('the', 'places?')",1
"('answer', 'about')",1
"('option', 'that')",1
"('that', 'might')",3
"('might', 'have')",2
"('have', 'larger')",2
"('about', 'Rice')",1
"('Rice', 'Boat')",1
"('Boat', 'for')",1
"('a', 'deal')",1
"('deal', 'breaker')",1
"('breaker', 'for')",1
"('is', 'rated')",1
"('rated', 'more')",1
"('more', 'highly')",2
"('highly', 'in')",1
"('in', 'service?')",1
"('at', 'Carolina')",1
"('and', 'Breakfast')",1
"('Breakfast', 'for')",1
"('on', 'room')",2
"('room', 'availability')",1
"('about', 'Ask?')",1
"('a', 'less')",1
"('less', 'expensive')",3
"('expensive', 'place?')",1
"('more', 'specifics?')",1
"('better', 'interior')",1
"('interior', 'decor?')",1
"('get', 'more')",6
"('the', 'drinks?')",1
"('at', 'HK')",1
"('HK', 'Fusion?')",1
"('look', 'some')",1
"('the', 'Warkworth')",2
"('Warkworth', 'House?')",2
"('have', 'one')",1
"('their', 'large')",1
"('large', 'rooms')",1
"('rooms', 'available?')",2
"('make', 'that')",2
"('that', 'reservation')",2
"('in', 'exploring')",1
"('exploring', 'other')",1
"('Is', 'this')",2
"('this', 'something')",1
"('that', 'will')",1
"('will', 'be')",4
"('eat', 'there?')",2
"('that', 'the')",2
"('the', 'type')",1
"('type', 'of')",1
"('of', 'atmosphere')",1
"('atmosphere', ""you're"")",1
"(""you're"", 'looking')",1
"('looking', 'for?')",2
"('about', 'Chiquito?')",1
"('answer', 'another')",1
"('portion', 'sizes?')",3
"('the', 'Allenbell?')",2
"('Alexander', 'B&B')",1
"('B&B', 'or')",1
"('at', 'Pizza')",1
"('Hut', 'City')",1
"('the', 'The')",1
"('The', 'Copper')",1
"('Copper', 'Kettle?')",3
"('this', 'spot')",1
"('somewhere', 'else')",5
"('else', 'to')",4
"('another', 'hotel')",3
"('What', 'other')",2
"('information', 'do')",1
"('a', 'stay')",4
"('stay', 'for')",2
"('else', 'from')",2
"('The', 'Gardenia?')",1
"('at', 'Nandos?')",1
"('a', 'chance')",1
"('chance', 'and')",1
"('any', 'specific')",1
"('specific', 'amenities')",1
"('amenities', 'that')",1
"('you', 'require?')",2
"('a', 'shot?')",6
"('better', 'option?')",4
"('reservation', 'today?')",2
"('like', 'further')",2
"('further', 'information?')",2
"('a', 'quiter')",1
"('quiter', 'option?')",1
"('we', 'cancel')",1
"('table', 'there')",9
"('higher', 'ratings')",2
"('on', 'food?')",1
"('good', 'situation')",1
"('situation', 'for')",1
"('go', 'back')",1
"('back', 'to')",1
"('other', 'guest')",1
"('house', 'option?')",1
"('on', 'noise?')",1
"('an', 'issue')",1
"('issue', 'or')",1
"('should', 'we')",5
"('we', 'make')",2
"('Want', 'me')",4
"('problem', 'or')",2
"('we', 'keep')",2
"('that', 'would')",1
"('would', 'have')",1
"('more', 'drink')",1
"('drink', 'options?')",1
"('Anythong', 'else')",1
"('with', 'booking')",7
"('better', 'indoor')",1
"('or', 'does')",2
"('in', 'knowing')",4
"('knowing', 'anything')",3
"('Sounds', 'good')",1
"('good', 'right?')",1
"('or', 'make')",4
"('at', 'Curry')",3
"('a', 'try')",1
"('try', 'or')",1
"('about', 'Golden')",3
"('Golden', 'Wok,')",1
"('Wok,', 'or')",1
"('other', 'menu')",1
"('menu', 'items?')",1
"('that', 'i')",1
"('Is', 'here')",3
"('here', 'anything')",3
"('restaurant', 'or')",2
"('still', 'want')",4
"('', 'is')",4
"('the', 'Galleria?')",1
"('to', 'hear')",2
"('hear', 'about')",2
"('about', 'a')",1
"('do', 'another')",2
"('better', 'value?')",3
"('table', 'outside')",1
"('outside', 'for')",1
"('The', 'Goodluck?')",1
"('need', 'assistance')",2
"('assistance', 'with')",3
"('find', 'another,')",4
"('another,', 'more')",3
"('more', 'quiet')",7
"('quiet', 'place?')",4
"('keep', 'looking?')",6
"('with', 'generally')",1
"('generally', 'good,')",1
"('good,', 'quick')",1
"('quick', 'service?')",1
"('to', 'more')",1
"('other', 'reviews')",1
"('reviews', 'of')",2
"('the', 'Copper')",2
"('more', 'reviews?')",2
"('about', 'Don')",1
"('Don', 'Paquale?')",1
"('table', 'indoors')",3
"('indoors', 'for')",2
"('DO', 'you')",2
"('Could', 'you')",1
"('you', 'tell')",2
"('tell', 'me')",2
"('me', 'when')",1
"('when', 'you')",1
"('something', ""that's"")",1
"(""that's"", 'described')",1
"('described', 'as')",1
"('as', 'a')",1
"('little', 'quieter?')",1
"('you', 'might')",1
"('might', 'like')",1
"('I', 'set')",1
"('set', 'up')",1
"('up', 'a')",1
"('information', ""you'd"")",3
"('the', 'Acorn,')",1
"('Acorn,', 'and')",1
"('and', 'can')",1
"('other', 'bookings?')",1
"('a', 'British')",1
"('British', 'restaurant')",1
"('with', 'outdoor')",3
"('outdoor', 'dining?')",1
"('get', 'some')",3
"('some', 'better')",1
"('better', 'information')",1
"('keep', 'searching')",2
"('searching', 'for')",2
"('for', 'places')",2
"('outdoor', 'seating?')",1
"('reservation', 'there,')",2
"('there,', 'or')",2
"('see', 'some')",1
"('in', 'trying')",1
"('trying', 'it?')",1
"('', 'guests')",1
"('guests', 'have')",1
"('have', 'good')",1
"('good', 'things')",1
"('things', 'to')",1
"('to', 'say')",1
"('say', 'about')",1
"('the', 'breakfast')",1
"('breakfast', 'at')",1
"('about', 'Da')",2
"('you', 'to')",4
"('What', 'else?')",1
"('or', 'know')",1
"('can', 'ask')",2
"('What', 'size')",2
"('size', 'do')",2
"('else', 'do')",1
"('want', 'any')",5
"('the', 'La')",1
"('La', 'Raza')",1
"('Raza', 'restaurant?')",1
"('the', 'Cow')",1
"('Cow', 'Pizza')",2
"('Pizza', 'Kitchen?')",1
"('to', 'start')",1
"('start', 'a')",1
"('else', 'fo')",1
"('fo', 'you?')",1
"('that', 'work,')",2
"('that', 'important')",1
"('important', 'enough')",1
"('enough', 'that')",1
"('I', 'should')",2
"('Can', 'you')",2
"('you', 'help')",1
"('can', 'assist')",5
"('upcoming', 'stay?')",3
"('it', 'out?')",1
"('option', 'further')",1
"('further', 'outside')",1
"('outside', 'of')",1
"('the', 'centre')",1
"('centre', 'of')",1
"('of', 'town?')",1
"('try', 'Nandos')",1
"('Nandos', 'or')",1
"('check', 'other')",2
"('book', 'Allenbell?')",1
"('like', 'reservations?')",2
"('it', 'anyways?')",2
"('make', 'reservations?')",1
"('want', 'assistance')",1
"('assistance', 'with?')",1
"('When', 'would')",2
"('table', 'for?')",1
"('this', 'helpful?')",1
"('table', 'outdoors')",1
"('outdoors', 'for')",1
"('Saigon', ""City's"")",1
"(""City's"", 'menu?')",1
"('you', 'reserve')",1
"('a', 'shorter')",1
"('shorter', 'stay?')",1
"('a', 'location')",3
"('location', 'with')",4
"('you', 'and')",1
"('and', 'ask')",3
"('them', 'to')",3
"('about', ""Darry's"")",1
"(""Darry's"", 'Cookhouse?')",1
"('bout', 'them?')",1
"('to', 'pull')",2
"('pull', 'up')",2
"('up', 'some')",2
"('places', 'or')",2
"('and', 'B')",2
"('B', 'Guest')",1
"('I', 'get')",2
"('get', 'you')",2
"('the', 'lodge?')",1
"('on', 'avaibility')",1
"('avaibility', 'of')",1
"('of', 'tables')",1
"('tables', 'for')",1
"('your', 'visit?')",1
"('about', ""Rosa's?"")",3
"('keep', 'the')",1
"('Is', 'indoor')",1
"('indoor', 'decor')",1
"('decor', 'important')",1
"('important', 'for')",1
"('about', 'Graffiti')",1
"('Graffiti', 'for')",1
"('or', 'will')",2
"('continue', 'looking')",1
"('looking', 'at')",1
"('larger', 'portions')",1
"('portions', 'sizes?')",1
"('University', 'Arms')",2
"('Arms', 'Hotel')",1
"('Hotel', 'that')",1
"('assist', 'with?')",2
"('What', 'night')",1
"('to', 'begin?')",1
"('about', 'Kirkwood')",2
"('reservation', 'and')",4
"('try', 'elsewhere?')",1
"('quiet', 'place')",1
"('different', 'location')",1
"('else', 'today')",2
"('or', 'reserve')",2
"('at', 'alternative')",1
"('alternative', 'options?')",1
"('room', 'availablilty?')",1
"('or', 'give')",2
"('give', 'you')",2
"('on', 'The')",1
"('The', 'Grafton?')",1
"('before', 'booking')",2
"('like', 'your')",2
"('restaurant', 'in')",3
"('that', 'stay?')",1
"('the', 'establishment?')",2
"('better', 'alternative?')",1
"('about', 'Rajmahal?')",1
"('If', ""you'd"")",1
"('like', 'I')",1
"('can', 'request')",1
"('request', 'a')",1
"('you', 'now?')",1
"('at', 'Eraina?')",2
"('better', 'service?')",1
"('quiet', 'establishment?')",1
"('about', 'Saffron')",1
"('Saffron', 'Brasserie?')",1
"('that', 'all')",2
"('all', 'you')",1
"('Did', 'this')",1
"('this', 'help')",1
"('at', 'all?')",2
"('more', 'for')",1
"('the', 'rice')",1
"('rice', 'boat')",1
"('boat', 'today?')",1
"('about', 'Efes?')",1
"('I', 'may')",1
"('may', 'help')",1
"('dining', 'as')",1
"('as', 'an')",1
"('an', 'option?')",1
"('can', 'answer?')",1
"('', 'are')",1
"('The', 'Nirala?')",1
"('your', 'dining')",1
"('to', 'ensure')",2
"('ensure', 'you')",1
"('you', 'get')",1
"('great', 'view')",1
"('view', 'from')",1
"('from', 'your')",1
"('your', 'table?')",2
"('places', 'for')",3
"('for', 'better')",2
"('other', 'locations')",1
"('locations', 'that')",1
"('elsewhere', 'or')",1
"('indoors', 'or')",1
"('more', 'non-alcoholic')",1
"('non-alcoholic', 'beverage')",1
"('beverage', 'options?')",1
"('to', 'rethink')",1
"('rethink', 'your')",1
"('more', 'attractive')",1
"('attractive', 'option')",1
"('the', 'second')",1
"('second', 'one?')",1
"('The', 'river')",1
"('river', 'bar')",1
"('bar', 'steakhouse')",1
"('steakhouse', 'and')",1
"('and', 'grill')",1
"('grill', 'has')",1
"('has', 'according')",1
"('to', 'all')",1
"('all', 'the')",1
"('could', 'find')",1
"('find', 'would')",1
"('the', 'Acorn?')",2
"('check', 'availability?')",4
"('Restaurant', 'Alimentum?')",2
"('Anything', 'you')",1
"('How', 'else')",1
"('else', 'may')",1
"('may', 'I')",1
"('help', 'you?')",1
"('reviews', 'in')",1
"('same', 'general')",1
"('general', 'area?')",1
"('about', 'Kohinoor?')",1
"('you', 'for')",1
"('see', 'what')",1
"('what', 'other')",1
"('places', 'are')",1
"('are', 'available?')",1
"('book', 'here?')",2
"('to', 'find?')",2
"('about', 'La')",1
"('La', 'Margherita?')",1
"('some', 'less')",1
"('expensive', 'places?')",1
"('okay', 'or')",1
"('a', 'fancier')",1
"('fancier', 'option?')",1
"('to', 'have')",1
"('have', 'for')",1
"('many', 'people')",4
"('people', 'will')",3
"('be', 'dining?')",1
"('try', 'booking')",1
"('a', 'few')",2
"('few', 'other')",2
"('questions', 'before')",2
"('before', 'you')",1
"('you', 'book?')",1
"('about', 'Fitzbillies')",2
"('Fitzbillies', 'Restaurant?')",2
"('about', 'Midsummer')",1
"('Midsummer', 'House?')",1
"('that', 'does')",2
"('does', 'have')",2
"('have', 'large')",1
"('large', 'portions?')",2
"('about', 'Cafe')",1
"('Cafe', 'Uno?')",1
"('more', 'value')",1
"('value', 'for')",1
"('the', 'price?')",1
"('help', 'booking?')",1
"('Will', 'there')",1
"('there', 'be')",1
"('be', 'anything')",1
"('highly', 'rated')",1
"('rated', 'place?')",1
"('hotel', 'directly?')",1
"('Where', 'would')",1
"('your', 'train')",1
"('train', 'to')",1
"('to', 'leave')",1
"('leave', 'from')",1
"('from', 'and')",1
"('and', 'go')",1
"('about', 'Fitzbillies?')",1
"('at', 'Efes')",1
"('Efes', 'Restaurant')",1
"('Restaurant', 'for')",1
"('have', 'further')",2
"('me', 'reserve')",1
"('Need', 'me')",1
"('further', 'assistance')",2
"('assistance', 'today?')",1
"('quiet', 'hotel?')",1
"('we', 'find')",1
"('different', 'place')",2
"('place', 'and')",1
"('cancel', 'this')",1
"('this', 'one?')",1
"('the', 'Warkworth?')",1
"('there', 'another')",1
"('location', ""you'd"")",1
"('to', 'learn')",1
"('learn', 'more')",1
"('more', 'about?')",1
"('another', 'similar')",1
"('similar', 'place?')",1
"('There', 'are')",1
"('are', 'also')",1
"('also', 'some')",2
"('some', 'comments')",1
"('comments', 'by')",1
"('by', 'guest')",1
"('guest', 'who')",1
"('who', 'said')",1
"('said', 'they')",1
"('they', 'did')",1
"('did', 'not')",1
"('not', 'like')",1
"('the', 'meal')",1
"('meal', 'served')",1
"('served', 'at')",1
"('the', 'B&B.')",1
"('B&B.', 'Would')",1
"('What', 'amenities')",1
"('amenities', 'are')",1
"('Any', 'more')",1
"('about', 'Express')",1
"('by', 'Holiday')",2
"('Holiday', 'Inn')",1
"('Inn', 'Cambridge?')",1
"('help', 'making')",1
"('you', 'decide?')",1
"('somewhere', 'that')",1
"('is', 'more')",1
"('more', 'quiet?')",1
"('about', 'something')",1
"('room', 'or')",1
"('or', 'for')",2
"('to', 'look?')",1
"('to', 'onow')",1
"('onow', 'anything')",1
"('in', 'this')",2
"('about', 'Anatolia?')",1
"('double', 'check?')",1
"('information', 'today?')",1
"('at', 'Grafton')",1
"('Grafton', 'Hotel')",1
"('Hotel', 'Restaurant?')",1
"('you', 'choose')",2
"('choose', 'between')",2
"('between', 'them?')",1
"('if', 'there')",3
"('there', 'is')",3
"('is', 'a')",3
"('on', 'Little')",1
"('Little', 'Seoul')",1
"('Seoul', 'for')",1
"('Golden', 'House?')",1
"('How', 'much')",1
"('much', 'space')",1
"('space', 'do')",1
"('you', 'require')",1
"('require', 'for')",1
"('I', 'seach')",1
"('seach', 'for')",1
"('better', 'internet')",1
"('internet', 'for')",1
"('reserve', 'one')",1
"('be', 'in')",2
"('in', 'your')",2
"('with', 'generous')",1
"('on', 'one')",1
"('about', 'Zizzi')",1
"('Zizzi', 'Cambridge?')",1
"('find', 'someplace')",1
"('at', 'J')",1
"('J', 'Restaurant?')",1
"('other', 'info?')",1
"('or', 'get')",3
"('hotel', 'now?')",1
"('about', 'Prezzo')",1
"('Prezzo', 'for')",1
"('that', 'place')",1
"('or', 'somewhere')",1
"('on', 'bed')",1
"('bed', 'comfort?')",2
"('bit', 'further')",1
"('further', 'to')",1
"('info', 'on')",1
"('the', 'food')",2
"('me', 'some')",1
"('the', 'train')",1
"('train', 'you')",1
"('like', 'answered?')",1
"('with', 'heartier')",1
"('heartier', 'portions')",1
"('portions', 'of')",1
"('of', 'food?')",1
"('.Would', 'you')",1
"('there', 'were')",1
"('looking', 'more')",1
"('more', 'choices?')",1
"('this', 'Holiday')",1
"('Holiday', 'Inn?')",2
"('that', 'work?')",2
"('better', 'bed')",1
"('bed', 'ratings?')",1
"('I', 'proceed')",4
"('proceed', 'to')",2
"('anything', 'other')",1
"('booking', 'an')",1
"('different', 'one?')",1
"('the', 'hotels')",1
"('the', 'North')",1
"('North', 'instead')",1
"('instead', 'that')",1
"('might', 'be')",1
"('be', 'quieter?')",1
"('else', 'like')",1
"('like', 'book')",1
"('something', 'better?')",2
"('According', 'to')",1
"('to', 'reviews')",1
"('the', 'Hobson')",1
"('Hobson', 'house')",1
"('house', 'the')",1
"('are', 'quite')",1
"('quite', 'small')",1
"('small', 'would')",1
"('booking', 'somewhere')",1
"('this', 'booking')",1
"('booking', 'also')",1
"('also', 'be')",1
"('be', 'for')",1
"('for', 'three')",1
"('three', 'people?')",1
"('book', 'Worth')",2
"('Have', 'you')",1
"('you', 'made')",1
"('made', 'a')",1
"('a', 'decision?')",1
"('have', 'anymore')",1
"('anymore', 'questions?')",1
"('table', 'indoors?')",1
"('about', 'Dojo?')",2
"('try', 'them')",2
"('them', 'out?')",2
"('the', 'Carolina?')",1
"('regarding', 'your')",1
"('at', 'Kymmoy?')",1
"('', 'and')",1
"('and', 'very')",1
"('very', 'peaceful')",1
"('peaceful', '')",1
"('', 'Would')",1
"(""that's"", 'a')",1
"('more', 'affordable?')",1
"('with', 'large')",2
"('large', 'serving')",1
"('serving', 'portions?')",1
"('the', 'rooms?')",1
"('make', 'any')",1
"('any', 'changes')",1
"('changes', 'to')",1
"('better', 'customer')",1
"('customer', 'reviews?')",1
"('try', 'the')",1
"('Cambridge', 'Chop')",2
"('Chop', 'House?')",3
"('I', 'select')",1
"('different', 'guesthouse')",2
"('stay', 'instead?')",1
"('know', 'something')",1
"('about', 'Ali')",1
"('Ali', 'Baba?')",1
"('at', ""Rosa's"")",1
"('It', 'is')",1
"('is', 'close')",1
"('close', 'to')",1
"('to', 'one')",1
"('one', 'customer,')",1
"('customer,', 'and')",1
"('and', 'they')",1
"('they', 'like')",1
"('like', 'it,')",1
"('it,', 'but')",1
"('but', 'other')",1
"('other', 'than')",1
"('than', 'that...')",1
"('that...', 'Want')",1
"('it', 'for?')",1
"('that', 'within')",1
"('within', 'your')",1
"('book', 'one')",1
"('your', 'trip')",1
"('trip', 'today?')",1
"('knowing', 'any')",1
"('at', 'Rajmahal?')",1
"('the', 'Archway')",2
"('Archway', 'House?')",4
"('I', 'finalize')",1
"('finalize', 'that')",1
"('I', 'let')",1
"('let', 'you')",1
"('you', 'know')",1
"('more', 'from')",1
"('I', 'give')",1
"('The', 'Niral?')",1
"('people', 'would')",1
"('reservation', 'for?')",1
"('place', 'to')",2
"('I', 'pick')",1
"('pick', 'another')",1
"('have', 'futher')",1
"('futher', 'questions?')",1
"('Can', 'i')",1
"('i', 'book')",1
"('place', 'else')",1
"('that', 'ok?')",1
"('there', 'a')",2
"('a', 'particular')",1
"('particular', 'drink')",1
"('drink', 'or')",1
"('or', 'further')",1
"('further', 'question')",1
"('question', 'you')",1
"('Want', 'another')",1
"('another', 'suggestion?')",1
"('some', 'alternatives?')",1
"('', 'etc.')",1
"('etc.', 'Would')",1
"('it', 'will')",1
"('will', 'work')",1
"('at', 'Kohinoor?')",1
"('the', 'Avalon?')",2
"('about', 'Cotto?')",2
"('else', '?')",1
"('Although', 'no')",1
"('no', 'place')",1
"('place', 'is')",1
"('is', 'COMPLETELY')",1
"('COMPLETELY', 'silent,')",1
"('silent,', 'right?')",1
"('about', 'Bedouin?')",1
"('anything', 'more')",1
"('more', 'you')",1
"('it', 'before')",1
"('about', 'Home')",1
"('Home', 'From')",1
"('From', 'Home?')",1
"('help', 'narrow')",1
"('hotel', 'a')",1
"('the', 'Lovell')",1
"('Lovell', 'Lodge')",1
"('Lodge', 'or')",1
"('help', 'decide?')",1
"('we', 'continue')",1
"('continue', 'on')",1
"('on', 'with')",1
"('at', 'Cotto?')",1
"('more', 'highly-rated')",1
"('highly-rated', 'quiche?')",1
"('okay', 'for')",2
"('about', 'A')",1
"('B', 'Guesthouse?')",1
"('at', 'University')",1
"('Arms', 'Hotel?')",1
"('more', 'details')",1
"('details', 'from')",1
"('from', 'me')",1
"('you', 'good')",1
"('try', 'an')",1
"('alternative', 'date')",1
"('date', 'at')",1
"('the', 'Leverton')",1
"('Leverton', 'for')",1
"('your', 'trip?')",1
"('find', 'additional')",1
"('their', 'menu')",1
"('menu', 'or')",1
"('or', 'anything')",1
"('this', 'property?')",1
"('with', 'relaxing')",1
"('relaxing', 'atmosphere?')",1
"('stay', 'somewhere')",1
"('before', 'I')",2
"('there', 'instead?')",1
"('the', 'address')",1
"('address', 'and')",1
"('and', 'phone')",1
"('phone', 'number?')",2
"('I', 'start')",1
"('start', 'another')",1
"('another', 'search')",1
"('more', 'info?')",1
"('The', 'Ghandi?')",1
"('the', 'bedouin')",1
"('bedouin', 'restaurant?')",1
"('be', 'okay?')",1
"('give', 'this')",1
"('this', 'one')",1
"('one', 'a')",1
"('you', '?')",1
"('at', 'Tandoori')",1
"('Tandoori', 'Palace')",1
"('Palace', 'instead?')",1
"('at', 'Darrys')",1
"('Darrys', 'Cookhouse?')",1
"('the', 'River')",1
"('River', 'Bar')",1
"('Bar', 'and')",1
"('and', 'Steakhouse?')",1
"('about', 'Saint')",1
"('Saint', 'Johns')",1
"('Johns', 'Chop')",1
"('a', 'nicer')",1
"('nicer', 'view?')",1
"('Do', 'have')",1
"('the', ""hotel's"")",1
"(""hotel's"", 'availability')",1
"('see', 'about')",1
"('about', 'making')",1
"('the', 'Stazione?')",1
"('A', '&')",1
"('&', 'B?')",1
"('availability', 'there?')",1
"('different', 'restaurant')",3
"('restaurant', 'option?')",1
"('more', 'suitable')",2
"('suitable', 'place?')",1
"('help', 'book')",1
"('check', 'some')",1
"('for', 'value?')",1
"('something', 'better')",1
"('better', 'for')",1
"('book', 'there?')",2
"('there', 'now?')",2
"('give', 'any')",1
"('of', 'them')",1
"('other', 'info')",1
"('info', 'from')",1
"('Maybe', 'it')",1
"('it', 'moved')",1
"('moved', 'since')",1
"('since', 'then?')",1
"('to', 'any')",1
"('the', 'contact')",1
"('contact', 'information')",1
"('the', 'property')",1
"('property', 'to')",1
"('better', 'choice')",1
"('choice', 'for')",1
"('you', 'inside')",1
"('inside', 'or')",1
"('about', 'Alpha-Milton?')",1
"('find', 'other')",1
"('for', 'this')",1
"('on', 'about')",1
"('about', 'them??')",1
"('about', 'those')",1
"('those', 'two')",1
"('two', 'restaurants?')",2
"('better', 'view')",3
"('view', 'ratings?')",1
"(""It's"", 'right')",1
"('right', 'off')",1
"('off', 'the')",1
"('the', 'highway,')",1
"('highway,', 'will')",1
"('will', 'that')",2
"('the', 'either')",1
"('get', 'information')",1
"('on', 'Pizza')",1
"('Pizza', 'Express')",1
"('Express', 'and')",1
"('and', 'Pizza')",1
"('Hut', 'as')",1
"('as', 'well?')",1
"('at', 'Alpha-Milton')",1
"('Carolina', 'or')",1
"('out', 'the')",1
"('about', 'Zizzi?')",1
"('hotel', 'elsewhere?')",1
"('about', 'Archway')",2
"('does', 'it')",2
"('it', 'sound')",2
"('you', 'prefer')",1
"('prefer', 'to')",1
"('the', 'Huntington')",1
"('Huntington', 'Marriott')",1
"('Marriott', 'Hotel?')",3
"('or', 'another')",1
"('', 'perhaps')",1
"('perhaps', 'for')",1
"('different', 'date?')",1
"('still', 'think')",1
"('think', 'Limehouse')",1
"('Limehouse', 'would')",1
"('would', 'meet')",1
"('meet', 'your')",1
"('for', 'somewhere')",1
"('about', 'Bangkok')",1
"('Bangkok', 'city?')",1
"('better', 'more')",1
"('more', 'positive')",1
"('positive', 'reviews?')",1
"('serves', 'Croquetas?')",1
"('view', 'than')",1
"('than', 'Yu')",1
"('outdoor', 'option')",1
"('option', 'elsewhere?')",1
"('we', 'go')",1
"('that', 'reservation?')",1
"('further', 'information')",2
"('about', 'that')",1
"('that', 'option?')",1
"('a', 'specific')",1
"('specific', 'drink')",1
"('drink', ""you're"")",1
"(""you're"", 'interested')",1
"('assistance', 'to')",2
"('Gonville', 'Hotel')",1
"('Hotel', 'for')",1
"('at', 'Ask?')",1
"('like', 'anything')",1
"('about', 'Prezzo?')",1
"('if', 'one')",1
"('rooms', 'is')",1
"('is', 'available?')",2
"('at', 'Huntingdon')",1
"('Huntingdon', 'Marriott')",2
"('good', 'for')",1
"('find', 'restaurants')",1
"('restaurants', 'with')",1
"('reservation', 'somewhere')",2
"('else', 'instead?')",1
"('another,', 'less')",1
"('expensive', 'restaurant?')",1
"('India', 'House?')",1
"('on', 'Ian')",1
"('Ian', 'Hong')",1
"('for', 'dinner?')",3
"('Pizza', 'Express?')",1
"('questions', 'do')",1
"('you', 'have?')",1
"('better', 'information?')",1
"('table', 'here?')",1
"('the', 'Gandhi?')",1
"('we', 'try')",1
"('The', 'Cambridge')",1
"('You', 'interested?')",1
"('make', 'to')",1
"('you', 'today,')",1
"('today,', 'or')",1
"('I', 'hope')",1
"('hope', ""that's"")",1
"(""that's"", 'enough')",1
"('enough', 'to')",2
"('to', 'convince')",2
"('convince', 'you')",2
"('different', 'day')",1
"('anything', 'about')",1
"('another', 'questions')",1
"('better', 'service')",1
"('service', 'instead?')",1
"('try', 'this')",1
"('reviews', 'regarding')",1
"('regarding', 'noise?')",1
"('I', 'note')",1
"('note', 'on')",1
"('your', 'booking')",1
"('booking', 'that')",1
"('that', ""you've"")",1
"(""you've"", 'requested')",1
"('requested', 'a')",1
"('larger', 'room?')",1
"('Ugly', 'Duckling')",1
"('Duckling', 'or')",1
"('the', 'restaurants')",1
"('restaurants', 'mentioned?')",1
"('better', 'atmosphere')",1
"('atmosphere', 'ratings?')",1
"('you', 'with??')",1
"('for', '8')",1
"('8', 'for')",1
"('at', 'Cow')",1
"('Pizza', 'Kitchen')",1
"('Kitchen', 'and')",1
"('and', 'Bar?')",1
"('check', 'with')",1
"('with', 'them')",1
"('them', 'and')",1
"('and', 'see')",1
"('if', 'a')",1
"('room', 'is')",1
"('want', 'your')",1
"('before', 'booking?')",1
"('different', 'Indian')",1
"('Indian', 'option')",1
"('reservation', 'elsewhere?')",1
"('of', 'any')",1
"('hotels', 'for')",1
"('you', 'outside?')",1
"('at', 'Cambridge')",1
"('Sitar', 'Tandoori')",1
"('Tandoori', 'is')",1
"('is', 'about')",1
"('about', '50/50,')",1
"('50/50,', 'Would')",1
"('higher', 'service')",1
"('service', 'ratings?')",1
"('book', 'at')",1
"('at', 'table')",1
"('book', 'it,')",2
"('it,', 'or')",2
"('answer', 'additional')",1
"('between', 'the')",1
"('the', 'two')",1
"('affordable', 'place')",2
"('or', 'I')",1
"('with', 'another')",1
"('I', 'book?')",1
"('table', 'tonight?')",1
"('other', 'Indian')",1
"('Indian', 'options')",1
"('options', 'in')",1
"('the', 'west?')",1
"('Ready', 'to')",1
"('another', 'Italian')",1
"('Italian', 'restaurant')",1
"('restaurant', 'instead?')",1
"('need', 'for')",1
"('the', 'portions')",1
"('portions', 'a')",1
"('you', 'interesting')",1
"('interesting', 'in')",1
"('There', 'were')",1
"('were', 'also')",1
"('some', 'customers')",1
"('customers', 'who')",1
"('who', ""didn't"")",1
"(""didn't"", 'like')",1
"('the', 'location')",1
"('location', 'saying')",1
"('saying', 'it')",1
"('was', 'not')",2
"('not', 'in')",1
"('the', 'best')",1
"('best', 'area,')",1
"('area,', 'Would')",1
"('good', 'fit')",1
"('fit', 'for')",1
"('or', 'did')",1
"('did', 'you')",1
"('to', 'stick')",1
"('stick', 'to')",1
"('to', 'delivery?')",1
"('at', 'Wagamama?')",1
"('suitable', 'option')",1
"('at', 'something')",1
"('a', 'resevation?')",1
"('booking', 'now?')",1
"('location', 'that')",1
"('location', 'or')",1
"('to', 'now')",1
"('now', 'more')",1
"('about', ""Rosa's"")",1
"(""Rosa's"", 'before')",1
"('the', 'three')",1
"('three', 'restaurants?')",1
"('I', 'verify')",1
"('verify', 'your')",1
"('your', 'reservations?')",1
"('with', 'free')",1
"('free', 'wifi?')",1
"('book', 'your')",1
"('Caffe', 'Uno')",1
"('Uno', 'for')",1
"('at', 'someplace')",1
"('reservations', 'there?')",1
"('these', 'places?')",2
"('the', 'lodging?')",1
"('has', 'no')",1
"('no', 'alcohol')",1
"('alcohol', 'at')",1
"('about', 'these')",1
"('these', 'restaurants')",1
"('restaurants', 'for')",1
"('more', 'lively')",1
"('lively', 'ambiance?')",1
"('on', 'that?')",1
"('If', 'you')",1
"('would', 'like,')",1
"('like,', 'I')",1
"('can', 'book')",1
"('more', 'reasonable,')",1
"('reasonable,', 'place?')",1
"('check', 'the')",1
"('the', 'guesthouses')",1
"('guesthouses', 'in')",1
"('the', 'east')",1
"('east', 'for')",1
"('for', 'wi-fi?')",1
"('better', 'WiFi')",1
"('WiFi', 'for')",1
"('better', 'hotel')",1
"('hotel', 'option?')",1
"('serves', 'pizza?')",1
"('about', 'Cambridge')",1
"('Cambridge', 'Lodge?')",1
"('another', 'dining')",1
"('have', 'nicer')",1
"('nicer', 'views?')",1
"('you', 'find')",2
"('has', 'plenty')",1
"('plenty', 'of')",1
"('of', 'options?')",1
"('at', 'Autumn')",1
"('Autumn', 'House')",1
"('keep', 'looking')",1
"('the', 'hotels?')",1
"('the', 'Express')",1
"('more', 'interesting')",1
"('interesting', 'decor?')",1
"('at', 'that')",1
"('that', 'hotel?')",1
"('proceed', 'and')",2
"('with', 'cleaner')",1
"('cleaner', 'rooms?')",1
"('about', 'Graffiti?')",1
"('do', 'to')",1
"('assist', 'you?')",1
"('at', 'Restaurant')",1
"('Restaurant', 'One')",1
"('One', 'Seven')",1
"('Seven', 'for')",1
"('staying', 'there')",1
"('to', 'try?')",1
"('Is', 'thee')",1
"('thee', 'anything')",1
"('know', 'make')",1
"('into', 'that')",1
"('Need', 'a')",1
"('stay', 'elsewhere?')",1
"('about', 'Cityoomz?')",1
"('option', 'or')",1
"('other', 'three?')",1
"('about', 'some')",1
"('about', 'Hobsons')",1
"('a', 'seafood')",1
"('seafood', 'specialty?')",1
"('The', 'Acorn?')",1
"('for', 'bed')",1
"('an', 'alternative?')",1
"('is', 'this')",1
"('this', 'okay?')",1
"('the', 'patio?')",1
"('Do', 'either')",1
"('of', 'those')",1
"('those', 'sound')",1
"('with', 'really')",1
"('really', 'nice')",1
"('nice', 'decor?')",1
"('with', 'such')",1
"('such', 'as')",1
"('as', 'booking')",1
"('Worth', 'House')",1
"('your', 'booking?')",1
"('more', 'upscale')",1
"('upscale', 'decor?')",1
"('there', 'anyway?')",1
"('Only', 'one')",1
"('one', 'person')",1
"('said', 'that')",1
"('the', 'view')",1
"('view', 'was')",1
"('not', 'that')",1
"('that', 'great,')",1
"('great,', 'do')",1
"('location', 'instead?')",1
"('ensure', 'that')",1
"('a', 'nice')",1
"('nice', 'view?')",1
"('El', 'Sheddai?')",1
"('their', 'WiFi?')",1
"('your', 'party')",1
"('party', 'outdoors?')",1
"('their', 'address')",1
"('address', 'or')",1
"('or', 'phone')",1
"('booking', 'it')",1
"('view', 'reviews?')",1
"('another', 'one?')",1
"('Anythinf', 'else')",1
"('make', 'reservation?')",1
"('different', 'area?')",1
"('The', 'Express?')",1
"('the', 'Lucky')",1
"('or', 'answer')",1
"('answer', 'other')",1
"('We', 'could')",1
"('could', 'also')",1
"('also', 'look')",1
"('at', 'Bedouin?')",1
"('do', 'anything')",1
"('Pizza', 'Hut?')",1
"('affordable', 'option?')",1
"('all', 'right')",1
"('right', 'for')",1
"('table', '?')",1
"('about', 'HK')",1
"('HK', 'Fusion,')",1
"('Fusion,', 'or')",1
"('Hope', ""that's"")",1
"(""that's"", 'good')",1
"('and', 'try')",1
"('you', 'ok')",1
"('ok', 'with')",1
"('with', 'dining')",1
"('dining', 'indoors?')",1
"('book', 'Ashley')",1
"('any', 'thing')",1
"('thing', 'else?')",1
"('at', 'Worth')",1
"('What', 'day')",1
"('day', 'are')",1
"('you', 'wanting')",1
"('wanting', 'to')",1
"('that', 'for?')",1
"('your', 'dates?')",1
"('at', 'Travellers')",1
"('Travellers', 'Rest?')",1
"('better', 'noise')",1
"('noise', 'ratings?')",1
"('at', 'Finches?')",1
